{
  "iteration": 0,
  "target_angle": 90,
  "timestamp": "2025-12-13T23:44:56.236537",
  "frequency_hz": 6000000000.0,
  "hyperparameters": {
    "N": 10,
    "sigma_0": 0.3,
    "sigma_decay": 0.999,
    "eta": 0.02,
    "beta_1": 0.9,
    "beta_2": 0.999,
    "adam_eps": 1e-08,
    "clip_norm": null,
    "lambda_crosstalk": 0.5,
    "n_iterations": 2,
    "log_every": 1,
    "frequency_hz": 6000000000.0,
    "n_jobs": 10
  },
  "reward_best": -50657.5913275785,
  "history_latest": {
    "reward_mean": -52489.51425800783,
    "power_target": 16236.94362622252,
    "crosstalk_ratio": 0.35306586522708344
  }
}