{
  "iteration": 100,
  "timestamp": "2025-12-15T10:08:49.077909",
  "best_reward": 863000.9371861742,
  "best_powers": {
    "0": 202.49974670968942,
    "90": 4.425315975414715,
    "180": 875485.9998972472
  },
  "training_angles": [
    0,
    90,
    180
  ],
  "sigma": 0.2714376441341128,
  "config": {
    "N": 100,
    "sigma_0": 0.3,
    "sigma_decay": 0.999,
    "eta": 0.02,
    "beta_1": 0.9,
    "beta_2": 0.999,
    "adam_eps": 1e-08,
    "n_iterations": 1000,
    "log_every": 10,
    "checkpoint_every": 100,
    "lambda_crosstalk": 0.5,
    "training_angles": [
      0,
      90,
      180
    ],
    "frequency_hz": 6000000000.0,
    "n_jobs": -1
  },
  "nn_num_params": 20928,
  "seed": 42
}