{
  "iteration": [
    1,
    10,
    20,
    30,
    40,
    50,
    60,
    70,
    80,
    90,
    100
  ],
  "reward_best": [
    484579.0742765781,
    629753.1127772252,
    863000.9371861742,
    863000.9371861742,
    863000.9371861742,
    863000.9371861742,
    863000.9371861742,
    863000.9371861742,
    863000.9371861742,
    863000.9371861742,
    863000.9371861742
  ],
  "reward_mean": [
    -5543.282020833617,
    -1688.4055344460983,
    8179.161660279172,
    -2246.5893720315958,
    6393.475127572954,
    905.8808687075086,
    -2903.446035883158,
    -195.40700188406205,
    470.1043542462348,
    -1409.1325724298515,
    1440.8796950606263
  ],
  "reward_std": [
    102770.29668223586,
    46170.73205677194,
    89454.84554587296,
    46045.35042305087,
    42315.11985304677,
    15784.702577136042,
    17279.031504657283,
    7209.17111358276,
    5130.216105185941,
    21710.359614548703,
    26519.86824994532
  ],
  "power_0deg": [
    3.3121124216773756,
    32567.783486373697,
    202.49974670968942,
    202.49974670968942,
    202.49974670968942,
    202.49974670968942,
    202.49974670968942,
    202.49974670968942,
    202.49974670968942,
    202.49974670968942,
    202.49974670968942
  ],
  "power_90deg": [
    0.042399302435460154,
    37.826146360128305,
    4.425315975414715,
    4.425315975414715,
    4.425315975414715,
    4.425315975414715,
    4.425315975414715,
    4.425315975414715,
    4.425315975414715,
    4.425315975414715,
    4.425315975414715
  ],
  "power_180deg": [
    492261.20981315273,
    605773.2159374867,
    875485.9998972472,
    875485.9998972472,
    875485.9998972472,
    875485.9998972472,
    875485.9998972472,
    875485.9998972472,
    875485.9998972472,
    875485.9998972472,
    875485.9998972472
  ],
  "power_sum": [
    492264.5643248768,
    638378.8255702206,
    875692.9249599323,
    875692.9249599323,
    875692.9249599323,
    875692.9249599323,
    875692.9249599323,
    875692.9249599323,
    875692.9249599323,
    875692.9249599323,
    875692.9249599323
  ],
  "power_min": [
    0.042399302435460154,
    37.826146360128305,
    4.425315975414715,
    4.425315975414715,
    4.425315975414715,
    4.425315975414715,
    4.425315975414715,
    4.425315975414715,
    4.425315975414715,
    4.425315975414715,
    4.425315975414715
  ],
  "power_max": [
    492261.20981315273,
    605773.2159374867,
    875485.9998972472,
    875485.9998972472,
    875485.9998972472,
    875485.9998972472,
    875485.9998972472,
    875485.9998972472,
    875485.9998972472,
    875485.9998972472,
    875485.9998972472
  ],
  "sigma": [
    0.29969999999999997,
    0.2970134640629245,
    0.29405665944886045,
    0.2911292901789258,
    0.2882310632207436,
    0.2853616884591095,
    0.2825208786669505,
    0.2797083494765738,
    0.2769238193512009,
    0.2741670095567857,
    0.2714376441341128
  ],
  "eta_effective": [
    0.0020923847105520452,
    0.002066564499749158,
    0.002060652333833571,
    0.0020502926007274717,
    0.002039045815829466,
    0.002028805405609535,
    0.0020183337907182072,
    0.002007349701411143,
    0.0019967220897658543,
    0.0019866554822349685,
    0.001975996361944679
  ],
  "param_norm": [
    15.77939756544011,
    19.0668585637734,
    21.942676983764716,
    24.136197800718268,
    25.994191530763256,
    27.63081315169379,
    29.164162330633143,
    30.649600927808773,
    32.08200625549115,
    33.50015248093544,
    34.86783030584279
  ],
  "grad_norm": [
    1382.7775521327112,
    1409.8551454133649,
    1415.6839592193046,
    1433.4697390064366,
    1449.178592821031,
    1456.7149855134721,
    1468.3235407062327,
    1495.956393699515,
    1505.0516435229126,
    1520.4821237571857,
    1539.0222025653943
  ]
}