{
  "iteration": [
    1,
    10,
    20,
    30,
    40,
    50,
    60,
    70,
    80,
    90,
    100,
    110,
    120,
    130,
    140,
    150,
    160,
    170,
    180,
    190,
    200
  ],
  "reward_best": [
    484579.0742765781,
    629753.1127772252,
    863000.9371861742,
    863000.9371861742,
    863000.9371861742,
    863000.9371861742,
    863000.9371861742,
    863000.9371861742,
    863000.9371861742,
    863000.9371861742,
    863000.9371861742,
    863000.9371861742,
    863000.9371861742,
    863000.9371861742,
    863000.9371861742,
    863000.9371861742,
    863000.9371861742,
    863000.9371861742,
    1247230.0615050388,
    1369703.3529917416,
    1441270.9300710151
  ],
  "reward_mean": [
    -5543.282020833617,
    -1688.4055344460983,
    8179.161660279172,
    -2246.5893720315958,
    6393.475127572954,
    905.8808687075086,
    -2903.446035883158,
    -195.40700188406205,
    470.1043542462348,
    -1409.1325724298515,
    1440.8796950606263,
    746.5505304494822,
    740.9838085919118,
    361.1120527149192,
    1211.0920303571477,
    1227.67546474558,
    14307.037655089993,
    36716.333178068155,
    152902.7211738372,
    570515.529763374,
    749160.6862380638
  ],
  "reward_std": [
    102770.29668223586,
    46170.73205677194,
    89454.84554587296,
    46045.35042305087,
    42315.11985304677,
    15784.702577136042,
    17279.031504657283,
    7209.17111358276,
    5130.216105185941,
    21710.359614548703,
    26519.86824994532,
    15290.158585673593,
    11961.332827241558,
    8426.883250436058,
    2871.786041358792,
    10326.920205447905,
    64683.92219482403,
    93341.73045580724,
    276991.65146841615,
    333380.3106781441,
    258334.5015587515
  ],
  "power_0deg": [
    3.3121124216773756,
    32567.783486373697,
    202.49974670968942,
    202.49974670968942,
    202.49974670968942,
    202.49974670968942,
    202.49974670968942,
    202.49974670968942,
    202.49974670968942,
    202.49974670968942,
    202.49974670968942,
    202.49974670968942,
    202.49974670968942,
    202.49974670968942,
    202.49974670968942,
    202.49974670968942,
    202.49974670968942,
    202.49974670968942,
    1247721.95471909,
    888458.4677342897,
    984548.4982069281
  ],
  "power_90deg": [
    0.042399302435460154,
    37.826146360128305,
    4.425315975414715,
    4.425315975414715,
    4.425315975414715,
    4.425315975414715,
    4.425315975414715,
    4.425315975414715,
    4.425315975414715,
    4.425315975414715,
    4.425315975414715,
    4.425315975414715,
    4.425315975414715,
    4.425315975414715,
    4.425315975414715,
    4.425315975414715,
    4.425315975414715,
    4.425315975414715,
    0.3538715810267974,
    17.710642364568816,
    468512.2564928284
  ],
  "power_180deg": [
    492261.20981315273,
    605773.2159374867,
    875485.9998972472,
    875485.9998972472,
    875485.9998972472,
    875485.9998972472,
    875485.9998972472,
    875485.9998972472,
    875485.9998972472,
    875485.9998972472,
    875485.9998972472,
    875485.9998972472,
    875485.9998972472,
    875485.9998972472,
    875485.9998972472,
    875485.9998972472,
    875485.9998972472,
    875485.9998972472,
    5.003965824214771,
    485752.05773578194,
    5.483688080736203
  ],
  "power_sum": [
    492264.5643248768,
    638378.8255702206,
    875692.9249599323,
    875692.9249599323,
    875692.9249599323,
    875692.9249599323,
    875692.9249599323,
    875692.9249599323,
    875692.9249599323,
    875692.9249599323,
    875692.9249599323,
    875692.9249599323,
    875692.9249599323,
    875692.9249599323,
    875692.9249599323,
    875692.9249599323,
    875692.9249599323,
    875692.9249599323,
    1247727.312556495,
    1374228.2361124363,
    1453066.2383878373
  ],
  "power_min": [
    0.042399302435460154,
    37.826146360128305,
    4.425315975414715,
    4.425315975414715,
    4.425315975414715,
    4.425315975414715,
    4.425315975414715,
    4.425315975414715,
    4.425315975414715,
    4.425315975414715,
    4.425315975414715,
    4.425315975414715,
    4.425315975414715,
    4.425315975414715,
    4.425315975414715,
    4.425315975414715,
    4.425315975414715,
    4.425315975414715,
    0.3538715810267974,
    17.710642364568816,
    5.483688080736203
  ],
  "power_max": [
    492261.20981315273,
    605773.2159374867,
    875485.9998972472,
    875485.9998972472,
    875485.9998972472,
    875485.9998972472,
    875485.9998972472,
    875485.9998972472,
    875485.9998972472,
    875485.9998972472,
    875485.9998972472,
    875485.9998972472,
    875485.9998972472,
    875485.9998972472,
    875485.9998972472,
    875485.9998972472,
    875485.9998972472,
    875485.9998972472,
    1247721.95471909,
    888458.4677342897,
    984548.4982069281
  ],
  "sigma": [
    0.29969999999999997,
    0.2970134640629245,
    0.29405665944886045,
    0.2911292901789258,
    0.2882310632207436,
    0.2853616884591095,
    0.2825208786669505,
    0.2797083494765738,
    0.2769238193512009,
    0.2741670095567857,
    0.2714376441341128,
    0.268735449871174,
    0.2660601562758192,
    0.26341149554868026,
    0.26078920255636373,
    0.2581930148049109,
    0.2556226724135218,
    0.253077918088541,
    0.25055849709770206,
    0.24806415724462902,
    0.2455946488435909
  ],
  "eta_effective": [
    0.0020923847105520452,
    0.002066564499749158,
    0.002060652333833571,
    0.0020502926007274717,
    0.002039045815829466,
    0.002028805405609535,
    0.0020183337907182072,
    0.002007349701411143,
    0.0019967220897658543,
    0.0019866554822349685,
    0.001975996361944679,
    0.001965667474853355,
    0.0019550612087708757,
    0.0019445692167387892,
    0.0019343428499743313,
    0.0019227568941141656,
    0.0019118665862192347,
    0.001901386546276115,
    0.0018903989676367836,
    0.0018795236699579937,
    0.0018683797360092335
  ],
  "param_norm": [
    15.77939756544011,
    19.0668585637734,
    21.942676983764716,
    24.136197800718268,
    25.994191530763256,
    27.63081315169379,
    29.164162330633143,
    30.649600927808773,
    32.08200625549115,
    33.50015248093544,
    34.86783030584279,
    36.19054368562876,
    37.48574411879439,
    38.80878133896021,
    40.025539259112904,
    41.22944613840273,
    42.36104021412995,
    43.48164308657789,
    44.58343075328411,
    45.7144468538519,
    46.89984456492424
  ],
  "grad_norm": [
    1382.7775521327112,
    1409.8551454133649,
    1415.6839592193046,
    1433.4697390064366,
    1449.178592821031,
    1456.7149855134721,
    1468.3235407062327,
    1495.956393699515,
    1505.0516435229126,
    1520.4821237571857,
    1539.0222025653943,
    1558.2520305839832,
    1560.5080843778937,
    1575.1408526681853,
    1593.1651400707635,
    1638.6960126952988,
    1635.563000171668,
    1653.3174171626672,
    1669.4056841127167,
    1703.2657827444432,
    1706.5173410755076
  ]
}