{
  "iteration": 0,
  "target_angle": 90,
  "timestamp": "2025-12-14T08:48:14.848095",
  "frequency_hz": 6000000000.0,
  "hyperparameters": {
    "N": 10,
    "sigma_0": 0.3,
    "sigma_decay": 0.999,
    "eta": 0.02,
    "beta_1": 0.9,
    "beta_2": 0.999,
    "adam_eps": 1e-08,
    "clip_norm": null,
    "lambda_crosstalk": 0.5,
    "n_iterations": 2,
    "log_every": 1,
    "frequency_hz": 6000000000.0,
    "n_jobs": 10
  },
  "reward_best": -524.0085566947,
  "history_latest": {
    "reward_mean": -494.8834128487914,
    "power_target": 1.0791978797318014,
    "crosstalk_ratio": 973.1074614507673
  }
}